route,seq,stage,mtcPageUpdated
21G,1,ISLAND GROUND,07-08-2026
21G,2,SECRETARIAT,07-08-2026
21G,3,CHEPAUK,07-08-2026
21G,4,Q.M.C,07-08-2026
21G,5,Y.M.I.A,07-08-2026
21G,6,MANDAVELI,07-08-2026
21G,7,ADYAR GATE,07-08-2026
21G,8,KOTTURPURAM,07-08-2026
21G,9,ENG.COLLEGE,07-08-2026
21G,10,GUINDY R.S,07-08-2026
21G,11,ST THOMAS MOUNT PO,07-08-2026
21G,12,MEENAMABAKKAM OLD AIRPORT,07-08-2026
21G,13,THIRUSOOLAM NATIONAL AIRPORT,07-08-2026
21G,14,PALLAVARAM,07-08-2026
21G,15,CHROMEPET,07-08-2026
21G,16,T.B.SANATORIUM,07-08-2026
21G,17,TAMBARAM,07-08-2026
21G,18,IRUMBULIYUR,07-08-2026
21G,19,PERUNGALATHUR,07-08-2026
21G,20,VANDALUR GATE,07-08-2026
21G,21,VANDALUR ZOO,07-08-2026
21G,22,KILAMBAKKAM B.S.,07-08-2026
18A,1,ROYAPURAM B.S,07-08-2026
18A,2,PARRYS CORNER,07-08-2026
18A,3,M.G.R.CENTRAL,07-08-2026
18A,4,P.OR & SONS,07-08-2026
18A,5,T.V.S,07-08-2026
18A,6,D.M.S,07-08-2026
18A,7,S.H.B,07-08-2026
18A,8,SAIDAPET,07-08-2026
18A,9,CONCORDE,07-08-2026
18A,10,GUINDY R.S,07-08-2026
18A,11,ST THOMAS MOUNT PO,07-08-2026
18A,12,MEENAMABAKKAM OLD AIRPORT,07-08-2026
18A,13,THIRUSOOLAM NATIONAL AIRPORT,07-08-2026
18A,14,PALLAVARAM,07-08-2026
18A,15,CHROMEPET,07-08-2026
18A,16,T.B.SANATORIUM,07-08-2026
18A,17,TAMBARAM,07-08-2026
18A,18,IRUMBULIYUR,07-08-2026
18A,19,PERUNGALATHUR,07-08-2026
18A,20,VANDALUR GATE,07-08-2026
18A,21,VANDALUR ZOO,07-08-2026
18A,22,KILAMBAKKAM B.S.,07-08-2026
51,1,VELACHERY,07-08-2026
51,2,MADIPAKKAM RD. JN.,07-08-2026
51,3,NARAYANAPURAM,07-08-2026
51,4,MEDAVAKKAM COLONY,07-08-2026
51,5,MEDAVAKKAM RD.JN.,07-08-2026
51,6,S.I.V.E.T,07-08-2026
51,7,MAHALAKSHMI NAGAR,07-08-2026
51,8,CONVENT,07-08-2026
51,9,TAMBARAM EAST,07-08-2026
51,10,TAMBARAM WEST,07-08-2026
M70,1,M.G.R.KOYAMBEDU,07-08-2026
M70,2,M.M.D.A.COLONY RD.JN.,07-08-2026
M70,3,JN OF III AND 1ST AVE,07-08-2026
M70,4,JAFFARKHAN PET,07-08-2026
M70,5,CIPET,07-08-2026
M70,6,GUINDY R.S,07-08-2026
M70,7,CONCORDE,07-08-2026
M70,8,JN.OF RACE COURSE RD,07-08-2026
M70,9,GURUNANAK COLLEGE,07-08-2026
M70,10,VELACHERY,07-08-2026
M70,11,I.R.T. RD.JN.,07-08-2026
M70,12,SRP TOOLS,07-08-2026
M70,13,THIRUVANMIYUR,07-08-2026
27B,1,M.G.R.KOYAMBEDU,07-08-2026
27B,2,ARUMBAKKAM,07-08-2026
27B,3,NADUVANKARAI,07-08-2026
27B,4,AMINJIKARAI,07-08-2026
27B,5,TAYLORS ROAD,07-08-2026
27B,6,T.B.INSTITUTE,07-08-2026
27B,7,EGMORE,07-08-2026
27B,8,PERIYAR BRIDGE,07-08-2026
27B,9,TRIPLICANE,07-08-2026
27B,10,ANNA SQUARE,07-08-2026
