stage,lat,lon,coordSource
ISLAND GROUND,13.0775,80.2790,approx
SECRETARIAT,13.0795,80.2870,approx
CHEPAUK,13.0619,80.2806,osm-nearby
Q.M.C,13.0633,80.2822,approx
Y.M.I.A,13.0470,80.2690,approx
MANDAVELI,13.0281,80.2606,osm-nearby
ADYAR GATE,13.0120,80.2570,approx
KOTTURPURAM,13.0137,80.2484,osm-nearby
ENG.COLLEGE,13.0108,80.2352,approx
GUINDY R.S,13.0087,80.2126,osm-nearby
ST THOMAS MOUNT PO,12.9990,80.1980,approx
MEENAMABAKKAM OLD AIRPORT,12.9870,80.1760,approx
THIRUSOOLAM NATIONAL AIRPORT,12.9800,80.1640,approx
PALLAVARAM,12.9676,80.1520,osm-nearby
CHROMEPET,12.9522,80.1411,osm-nearby
T.B.SANATORIUM,12.9370,80.1307,osm-nearby
TAMBARAM,12.9258,80.1179,osm-nearby
IRUMBULIYUR,12.9060,80.1105,approx
PERUNGALATHUR,12.9052,80.0950,osm-nearby
VANDALUR GATE,12.8920,80.0850,approx
VANDALUR ZOO,12.8790,80.0830,approx
KILAMBAKKAM B.S.,12.8744,80.0765,osm-nearby
ROYAPURAM B.S,13.1130,80.2930,approx
PARRYS CORNER,13.0935,80.2870,approx
M.G.R.CENTRAL,13.0824,80.2759,osm-nearby
P.OR & SONS,13.0660,80.2650,approx
T.V.S,13.0510,80.2530,approx
D.M.S,13.0457,80.2483,osm-nearby
S.H.B,13.0330,80.2410,approx
SAIDAPET,13.0240,80.2280,osm-nearby
CONCORDE,13.0105,80.2200,approx
VELACHERY,12.9765,80.2200,approx
MADIPAKKAM RD. JN.,12.9700,80.2090,approx
NARAYANAPURAM,12.9450,80.2000,approx
MEDAVAKKAM COLONY,12.9230,80.1930,approx
MEDAVAKKAM RD.JN.,12.9185,80.1925,approx
S.I.V.E.T,12.9200,80.1450,approx
MAHALAKSHMI NAGAR,12.9150,80.1400,approx
CONVENT,12.9205,80.1310,approx
TAMBARAM EAST,12.9250,80.1230,approx
TAMBARAM WEST,12.9262,80.1140,approx
M.G.R.KOYAMBEDU,13.0690,80.1980,approx
M.M.D.A.COLONY RD.JN.,13.0670,80.2110,approx
JN OF III AND 1ST AVE,13.0380,80.2110,approx
JAFFARKHAN PET,13.0270,80.2065,approx
CIPET,13.0120,80.2180,approx
JN.OF RACE COURSE RD,13.0075,80.2230,approx
GURUNANAK COLLEGE,12.9930,80.2185,approx
I.R.T. RD.JN.,12.9745,80.2330,approx
SRP TOOLS,12.9740,80.2450,approx
THIRUVANMIYUR,12.9890,80.2516,osm-nearby
ARUMBAKKAM,13.0617,80.2117,osm-nearby
NADUVANKARAI,13.0710,80.2230,approx
AMINJIKARAI,13.0720,80.2250,approx
TAYLORS ROAD,13.0760,80.2400,approx
T.B.INSTITUTE,13.0740,80.2500,approx
EGMORE,13.0777,80.2613,osm-nearby
PERIYAR BRIDGE,13.0720,80.2680,approx
TRIPLICANE,13.0580,80.2750,approx
ANNA SQUARE,13.0630,80.2830,approx
