n,Train No.,MSB Dep,TBM A/D,CGL A/D,CJ A/D,AJJ/TMLP
1,40601,03:50,04:50,05:40,—,—
2,40301,04:10,05:10,—,—,—
3,40603,04:30,05:30,06:25,—,—
4,40605,04:50,05:50,06:45,—,—
5,40607,05:00,06:00,07:00,—,—
6,40751,05:20,06:20,07:15/23,—,08:15 AJJ
7,40609,05:40,06:40,07:35,—,—
8,40303,06:00,07:00,—,—,—
9,40611,06:20,07:20,08:15,—,—
10,44002,08:20,09:10,10:10,—,—
11,40305,06:40,07:40,—,—,—
12,40613,07:00,08:00,09:00,—,—
13,40307,07:15,08:15,—,—,—
14,40851,07:25,08:25,09:20/28,10:30,10:50 TMLP
15,40309,07:40,08:40,—,—,—
16,40311,07:55,08:50,—,—,—
17,40615,08:10,09:10,10:05,—,—
18,40313,08:20,09:20,—,—,—
19,40315,08:30,09:30,—,—,—
20,66045,—,09:45,10:28/30,—,—
21,40317,08:40,09:40,—,—,—
22,40617,08:50,09:50,10:45,—,—
23,40319,09:00,10:00,—,—,—
24,40321,09:10,10:10,—,—,—
25,40323,09:20,10:20,—,—,—
26,40619,09:30,10:30,11:20,—,—
27,40325,09:40,10:40,—,—,—
28,40327,09:50,10:50,—,—,—
29,40621,10:00,11:00,11:50,—,—
30,66034,10:15,11:15,—,—,—
31,40329,10:30,11:30,—,—,—
32,40623,10:45,11:45,12:40,—,—
33,40331,11:00,12:00,—,—,—
34,40333,11:15,12:15,—,—,—
35,40335,11:30,12:30,—,—,—
36,40625,11:45,12:45,13:35,—,—
37,40337,12:00,13:00,—,—,—
38,40627,12:15,13:15,14:10,—,—
39,40339,12:30,13:30,—,—,—
40,40629,12:45,13:45,14:40,—,—
41,40951,13:00,14:00,14:53/15:00,15:45,16:25 AJJ
42,40341,13:15,14:15,—,—,—
43,40343,13:30,14:30,—,—,—
44,40631,13:45,14:45,15:40,—,—
45,40345,14:00,15:00,—,—,—
46,40633,14:15,15:15,16:15,—,—
47,40347,14:30,15:30,—,—,—
48,40635,14:45,15:45,16:40,—,—
49,40853,15:00,16:00,16:53/17:00,17:45,18:20 TMLP
50,40349,15:15,16:15,—,—,—
51,40637,15:30,16:30,17:20,—,—
52,49005,15:45,16:45,—,—,—
53,40351,15:50,16:50,—,—,—
54,40639,16:00,17:00,17:55,—,—
55,40353,16:10,17:10,—,—,—
56,40641,16:25,17:25,18:20,—,—
57,40355,16:40,17:40,—,—,—
58,40357,16:50,17:50,—,—,—
59,40359,17:00,18:00,—,—,—
60,40643,17:10,18:10,19:05,—,—
61,40361,17:20,18:20,—,—,—
62,40363,17:30,18:30,—,—,—
63,40645,17:40,18:40,19:40,—,—
64,40365,17:50,18:50,—,—,—
65,40953,18:00,19:00,19:47/55,20:40,21:30 AJJ
66,40647,18:10,19:10,20:10,—,—
67,49009,18:17,19:17,—,—,—
68,40367,18:23,19:23,—,—,—
69,40649,18:30,19:30,20:30,—,—
70,44004,20:25,21:10,22:15,—,—
71,40955,18:40,19:40,20:40/50,21:35,22:30 AJJ
72,40369,18:50,19:50,—,—,—
73,40371,19:00,20:00,—,—,—
74,40651,19:10,20:10,21:10,—,—
75,40753,19:20,20:20,21:12/20,22:00,—
76,40251,19:30,20:30,GI A:20:55,—,—
77,40855,19:50,20:50,21:47/55,22:35,23:00 TMLP
78,40653,20:00,21:00,22:00,—,—
79,40253,20:15,21:15,GI A:21:40,—,—
80,40655,20:30,21:30,22:30,—,—
81,40255,20:45,21:45,GI A:22:15,—,—
82,40657,21:00,22:00,23:00,—,—
83,40257,21:15,22:15,GI A:22:40,—,—
84,40373,21:30,22:30,—,—,—
85,40659,21:40,22:40,23:40,—,—
86,40259,21:50,22:50,GI A:23:15,—,—
87,40375,22:00,23:00,—,—,—
88,40377,22:20,23:20,—,—,—
89,40661,22:40,23:40,00:45,—,—
90,40379,23:00,00:00,—,—,—
91,40381,23:20,00:20,—,—,—
92,40383,23:40,00:40,—,—,—
93,40385,23:59,00:55,—,—,—
