n,Train No.,AJJ/TMLP Dep,CJ A/D,CGL A/D,TBM A/D,MSB Arrl
1,40002,—,—,03:55,04:55,—
2,40004,—,—,04:15,05:15,—
3,40006,—,—,04:35,05:35,—
4,40502,—,—,03:55,04:55,05:55
5,40504,—,—,04:15,05:15,06:15
6,40008,—,—,05:30,06:30,—
7,40506,—,—,04:45,05:45,06:45
8,40010,—,—,06:00,07:00,—
9,40508,—,—,05:15,06:15,07:15
10,40012,—,—,06:35,07:35,—
11,40510,—,—,05:50,06:50,07:50
12,40014,—,—,07:05,08:05,—
13,40902,04:40 AJJ,05:15,06:15,07:15,08:15
14,44001,05:50 AJJ,06:25,07:15,—,—
15,40016,—,—,07:25,08:25,—
16,40512,—,—,06:35,07:35,08:35
17,40514,—,—,06:45,07:45,08:45
18,40018,—,—,07:55,08:55,—
19,40702,06:10 AJJ,07:03,08:05,09:05,—
20,40516,—,—,07:15,08:15,09:25
21,40020,—,—,08:20,09:35,—
22,40582,—,—,07:25,08:25,—
23,40022,—,—,08:30,09:45,—
24,40518,—,—,07:40,08:28,09:20
25,49002,—,—,07:50,08:33,09:35
26,40024,—,—,08:38,09:50,—
27,40802F,07:00 TMLP,07:15,07:57/08:05,08:40,09:40
28,40026,—,—,08:48,09:57,—
29,40028,—,—,08:58,10:10,—
30,40520F,—,—,08:05,08:58/09:00,10:05
31,40030,—,—,09:05,10:15,—
32,40522,—,—,08:25,09:15,10:22
33,40032,—,—,09:25,10:30,—
34,40524,—,—,08:35,09:25/30,10:43
35,40526F,—,—,08:45,09:29/30,10:35
36,40904F,07:30 AJJ,08:15,08:57/09:05,09:40,10:50
37,40034,—,—,09:45,11:00,—
38,40036,—,—,10:00,11:10,—
39,40528,—,—,09:15,10:15,11:20
40,40038,—,—,10:30,11:30,—
41,42501,—,—,09:55,10:45,11:53/55
42,40040,—,—,11:00,12:00,—
43,40042,—,—,11:10,12:10,—
44,40704,09:30 AJJ,10:17/25,11:20,12:20,—
45,40530,—,—,10:35,11:35,12:35
46,40044,—,—,11:50,12:50,—
47,40532,—,—,11:05,12:05,13:05
48,40046,—,—,12:20,13:20,—
49,40048,—,—,12:35,13:35,—
50,40534,—,—,11:50,12:50,13:50
51,40804,11:05 TMLP,11:20,12:10/20,13:10,14:10
52,40536,—,—,12:30,13:30,14:30
53,40050,—,—,13:50,14:50,—
54,40538,—,—,13:05,14:05,15:05
55,40052,—,—,14:15,15:15,—
56,49004,—,—,14:25,15:25,—
57,40540,—,—,13:35,14:30,15:30
58,40054,—,—,14:45,15:45,—
59,40056,—,—,15:00,16:00,—
60,40542,—,—,14:15,15:15,16:15
61,40058,—,—,15:30,16:30,—
62,40060,—,—,15:45,16:45,—
63,40544,—,—,15:00,16:00,17:00
64,40062,—,—,16:08,17:08,—
65,40064,—,—,16:16,17:16,—
66,40066,—,—,16:24,17:24,—
67,40068,—,—,16:32,17:32,—
68,66046,—,—,15:28/30,16:40,17:40
69,40070,—,—,16:48,17:48,—
70,40072,—,—,16:54,17:54,—
71,49006,—,—,17:00,18:00,—
72,40074,—,—,17:08,18:08,—
73,40076,—,—,17:16,18:16,—
74,40546,—,—,16:25,17:24,18:24
75,40078,—,—,17:32,18:32,—
76,40080,—,—,17:40,18:40,—
77,42521,—,—,17:48,18:50/55,—
78,40548,—,—,16:55,17:55,18:55
79,40082,—,—,18:05,19:05,—
80,40084,—,—,18:15,19:15,—
81,40550,—,—,17:25,18:25,19:25
82,40086,—,—,18:35,19:35,—
83,40088,—,—,18:45,19:45,—
84,40552,—,—,17:55,18:55,19:55
85,40090,—,—,19:10,20:10,—
86,40554,—,—,18:20,19:20,20:20
87,40556,—,—,18:30,19:30,20:30
88,40092,—,—,19:45,20:45,—
89,40906,17:15 AJJ,17:55,18:55,20:00,21:00
90,40558,—,—,19:15,20:15,21:18
91,40560,—,—,19:35,20:30,21:30
92,40094,—,—,20:45,21:45,—
93,40562,—,—,19:55,21:00,22:00
94,49008,—,—,20:10,21:00,—
95,44003,—,—,18:15,19:00,20:15
96,40564,—,—,20:20,21:15,22:15
97,40202,—,—,GI:21:05,21:30,22:30
98,40566,—,—,20:50,21:45,22:45
99,40568,—,—,21:05,22:00,23:00
100,40204,—,—,GI:21:40,22:15/20,23:20
101,40806,20:00 TMLP,20:25,21:20/30,22:30,23:40
102,40206,—,—,GI:22:15,22:40/23:00,00:00
103,40570,—,—,22:20,23:20,00:20
104,40592,—,—,GI:22:50,23:15,—
105,40208,—,—,GI:23:20,23:40,00:40
106,40572,—,—,23:00,23:55/59,00:59
